-- phpMyAdmin SQL Dump
-- version 3.3.7deb5build0.10.10.1
-- http://www.phpmyadmin.net
--
-- Servidor: localhost
-- Tiempo de generación: 03-05-2011 a las 16:34:38
-- Versión del servidor: 5.1.49
-- Versión de PHP: 5.3.3-1ubuntu9.4

SET SQL_MODE="NO_AUTO_VALUE_ON_ZERO";


/*!40101 SET @OLD_CHARACTER_SET_CLIENT=@@CHARACTER_SET_CLIENT */;
/*!40101 SET @OLD_CHARACTER_SET_RESULTS=@@CHARACTER_SET_RESULTS */;
/*!40101 SET @OLD_COLLATION_CONNECTION=@@COLLATION_CONNECTION */;
/*!40101 SET NAMES utf8 */;

--
-- Base de datos: `Pancake`
--
CREATE DATABASE `Pancake` DEFAULT CHARACTER SET latin1 COLLATE latin1_swedish_ci;
USE `Pancake`;

-- --------------------------------------------------------

--
-- Estructura de tabla para la tabla `ActionData`
--

CREATE TABLE IF NOT EXISTS `ActionData` (
  `OCCURRENCE_NR` int(11) NOT NULL,
  `StartFrame` int(4) DEFAULT NULL,
  `EndFrame` int(4) DEFAULT NULL,
  `Action` varchar(35) DEFAULT NULL,
  `ObjectActedOn` varchar(15) DEFAULT NULL,
  `ObjectInHand` varchar(15) DEFAULT NULL,
  `Hand` varchar(10) DEFAULT NULL
) ENGINE=MyISAM DEFAULT CHARSET=utf8;

--
-- Volcar la base de datos para la tabla `ActionData`
--

INSERT INTO `ActionData` (`OCCURRENCE_NR`, `StartFrame`, `EndFrame`, `Action`, `ObjectActedOn`, `ObjectInHand`, `Hand`) VALUES
(0, 1, 25, 'None', 'None', 'None', 'None'),
(1, 26, 44, 'Reaching', 'PancakeMix', 'None', 'RightHand'),
(2, 45, 57, 'PickingUpAnObject', 'PancakeMix', 'PancakeMix', 'RightHand'),
(3, 58, 86, 'OpeningABottle', 'PancakeMix', 'PancakeMix', 'LeftHand'),
(4, 87, 189, 'Pouring-MakingSomethingAvailable', 'PancakeMix', 'PancakeMix', 'RightHand'),
(5, 190, 213, 'SettingAnObjectDown', 'PancakeMix', 'PancakeMix', 'RightHand'),
(6, 214, 246, 'ClosingABottle', 'PancakeMix', 'PancakeMix', 'LeftHand'),
(7, 247, 281, 'PuttingDownAnObject', 'PancakeMix', 'PancakeMix', 'RightHand'),
(8, 282, 300, 'RealeasingGraspOfSomething', 'None', 'None', 'RightHand'),
(9, 301, 1069, 'Waiting', 'None', 'None', 'None'),
(10, 1070, 1085, 'Reaching', 'Spatula', 'None', 'RightHand'),
(11, 1086, 1108, 'PickingUpAnObject', 'Spatula', 'Spatula', 'RightHand'),
(12, 1109, 1145, 'Reaching', 'Pancake', 'Spatula', 'RightHand'),
(13, 1146, 1180, 'Flipping', 'Pancake', 'Spatula', 'RightHand'),
(14, 1181, 1186, 'SettingAnObjectDown', 'Spatula', 'Spatula', 'RightHand'),
(15, 1187, 1225, 'PuttingDownAnObject', 'Spatula', 'Spatula', 'RightHand'),
(16, 1126, 1238, 'RealeasingGraspOfSomething', 'None', 'None', 'RightHand'),
(17, 1239, 2065, 'Waiting', 'None', 'None', 'None'),
(18, 2066, 2083, 'Reaching', 'Spatula', 'None', 'RightHand'),
(19, 2084, 2102, 'PickingUpAnObject', 'Spatula', 'Spatula', 'RightHand'),
(20, 2103, 2127, 'Reaching', 'Pancake', 'Spatula', 'RightHand'),
(21, 2128, 2139, 'PickingUpAnObject', 'Pancake', 'Spatula', 'RightHand'),
(22, 2140, 2170, 'PuttingDownAnObject', 'Pancake', 'Spatula', 'RightHand'),
(23, 2171, 2185, 'SettingAnObjectDown', 'Spatula', 'Spatula', 'RightHand'),
(24, 2186, 2235, 'PuttingDownAnObject', 'Spatula', 'Spatula', 'RightHand'),
(25, 2236, 2245, 'RealeasingGraspOfSomething', 'None', 'None', 'RightHand'),
(26, 2246, 2308, 'None', 'None', 'None', 'None');

-- --------------------------------------------------------

--
-- Estructura de tabla para la tabla `EyeTrajectory`
--

CREATE TABLE IF NOT EXISTS `EyeTrajectory` (
  `Episode_nr` int(5) DEFAULT NULL,
  `Occurrence_nr` int(10) unsigned DEFAULT NULL,
  `Instance_nr` int(11) NOT NULL,
  `Frame` int(4) DEFAULT NULL,
  `XCoor` int(3) DEFAULT NULL,
  `YCoor` int(3) DEFAULT NULL,
  `Object` varchar(7) DEFAULT NULL,
  `Action` varchar(20) DEFAULT NULL
) ENGINE=MyISAM DEFAULT CHARSET=utf8;

--
-- Volcar la base de datos para la tabla `EyeTrajectory`
--

INSERT INTO `EyeTrajectory` (`Episode_nr`, `Occurrence_nr`, `Instance_nr`, `Frame`, `XCoor`, `YCoor`, `Object`, `Action`) VALUES
(0, 1, 0, 2315, 684, 457, 'Pancake', 'PickingUpAnObject'),
(0, 1, 1, 2316, 684, 457, 'Pancake', 'PickingUpAnObject'),
(0, 1, 2, 2317, 695, 435, 'Pancake', 'PickingUpAnObject'),
(0, 1, 3, 2318, 687, 440, 'Pancake', 'PickingUpAnObject'),
(0, 1, 4, 2319, 683, 454, 'Pancake', 'PickingUpAnObject'),
(0, 1, 5, 2320, 679, 463, 'Pancake', 'PickingUpAnObject'),
(0, 1, 6, 2321, 673, 470, 'Pancake', 'PickingUpAnObject'),
(0, 1, 7, 2322, 667, 484, 'Pancake', 'PickingUpAnObject'),
(0, 1, 8, 2323, 665, 489, 'Pancake', 'PickingUpAnObject'),
(0, 1, 9, 2324, 661, 493, 'Pancake', 'PickingUpAnObject'),
(0, 1, 10, 2325, 658, 498, 'Pancake', 'PickingUpAnObject'),
(0, 1, 11, 2326, 659, 499, 'Pancake', 'PickingUpAnObject'),
(0, 1, 12, 2327, 660, 502, 'Pancake', 'PickingUpAnObject'),
(0, 1, 13, 2328, 663, 504, 'Pancake', 'PickingUpAnObject'),
(0, 1, 14, 2329, 681, 490, 'Pancake', 'PickingUpAnObject'),
(0, 1, 15, 2330, 681, 484, 'Pancake', 'PickingUpAnObject'),
(0, 1, 16, 2331, 683, 481, 'Pancake', 'PickingUpAnObject'),
(0, 1, 17, 2332, 685, 482, 'Pancake', 'PickingUpAnObject'),
(0, 1, 18, 2333, 682, 478, 'Pancake', 'PickingUpAnObject'),
(0, 1, 19, 2334, 682, 479, 'Pancake', 'PickingUpAnObject'),
(0, 1, 20, 2335, 680, 474, 'Pancake', 'PickingUpAnObject'),
(0, 1, 21, 2336, 667, 478, 'Pancake', 'PickingUpAnObject'),
(0, 1, 22, 2337, 651, 484, 'Pancake', 'PickingUpAnObject'),
(0, 1, 23, 2338, 567, 499, 'Pancake', 'PickingUpAnObject'),
(0, 1, 24, 2339, 560, 506, 'Pancake', 'PickingUpAnObject'),
(0, 1, 25, 2340, 554, 516, 'Pancake', 'PickingUpAnObject'),
(0, 1, 26, 2341, 550, 528, 'Pancake', 'PickingUpAnObject'),
(0, 1, 27, 2342, 548, 528, 'Pancake', 'PickingUpAnObject'),
(0, 1, 28, 2343, 539, 544, 'Pancake', 'PickingUpAnObject'),
(0, 2, 0, 1070, 346, 364, 'spatula', 'PickingUpAnObject'),
(0, 2, 1, 1071, 332, 352, 'spatula', 'PickingUpAnObject'),
(0, 2, 2, 1072, 327, 347, 'spatula', 'PickingUpAnObject'),
(0, 2, 3, 1073, 323, 341, 'spatula', 'PickingUpAnObject'),
(0, 2, 4, 1074, 556, 348, 'spatula', 'PickingUpAnObject'),
(0, 2, 5, 1075, 555, 340, 'spatula', 'PickingUpAnObject'),
(0, 2, 6, 1076, 555, 332, 'spatula', 'PickingUpAnObject'),
(0, 2, 7, 1077, 547, 320, 'spatula', 'PickingUpAnObject'),
(0, 2, 8, 1078, 548, 315, 'spatula', 'PickingUpAnObject'),
(0, 2, 9, 1079, 551, 309, 'spatula', 'PickingUpAnObject'),
(0, 2, 10, 1080, 553, 306, 'spatula', 'PickingUpAnObject'),
(0, 2, 11, 1081, 555, 305, 'spatula', 'PickingUpAnObject'),
(0, 2, 12, 1082, 558, 305, 'spatula', 'PickingUpAnObject'),
(0, 2, 13, 1083, 560, 305, 'spatula', 'PickingUpAnObject'),
(0, 2, 14, 1084, 561, 306, 'spatula', 'PickingUpAnObject'),
(0, 2, 15, 1085, 616, 454, 'spatula', 'PickingUpAnObject'),
(0, 2, 16, 1086, 617, 438, 'spatula', 'PickingUpAnObject'),
(0, 2, 17, 1087, 618, 427, 'spatula', 'PickingUpAnObject'),
(0, 2, 18, 1088, 620, 422, 'spatula', 'PickingUpAnObject'),
(0, 2, 19, 1089, 620, 417, 'spatula', 'PickingUpAnObject'),
(0, 2, 20, 1090, 620, 418, 'spatula', 'PickingUpAnObject'),
(0, 2, 21, 1091, 614, 399, 'spatula', 'PickingUpAnObject'),
(0, 2, 22, 1092, 617, 404, 'spatula', 'PickingUpAnObject'),
(0, 3, 0, 1100, 551, 386, 'pancake', 'FlippingAnObject'),
(0, 3, 1, 1101, 546, 387, 'pancake', 'FlippingAnObject'),
(0, 3, 2, 1102, 757, 444, 'pancake', 'FlippingAnObject'),
(0, 3, 3, 1103, 777, 452, 'pancake', 'FlippingAnObject'),
(0, 3, 4, 1104, 797, 460, 'pancake', 'FlippingAnObject'),
(0, 3, 5, 1105, 809, 462, 'pancake', 'FlippingAnObject'),
(0, 3, 6, 1106, 814, 453, 'pancake', 'FlippingAnObject'),
(0, 3, 7, 1107, 808, 441, 'pancake', 'FlippingAnObject'),
(0, 3, 8, 1108, 792, 434, 'pancake', 'FlippingAnObject'),
(0, 3, 9, 1109, 777, 444, 'pancake', 'FlippingAnObject'),
(0, 3, 10, 1110, 773, 457, 'pancake', 'FlippingAnObject'),
(0, 3, 11, 1111, 762, 459, 'pancake', 'FlippingAnObject'),
(0, 3, 12, 1112, 753, 460, 'pancake', 'FlippingAnObject'),
(0, 3, 13, 1113, 740, 464, 'pancake', 'FlippingAnObject'),
(0, 3, 14, 1114, 735, 464, 'pancake', 'FlippingAnObject'),
(0, 3, 15, 1115, 595, 426, 'pancake', 'FlippingAnObject'),
(0, 3, 16, 1116, 594, 426, 'pancake', 'FlippingAnObject'),
(0, 3, 17, 1117, 595, 425, 'pancake', 'FlippingAnObject'),
(0, 3, 18, 1118, 594, 424, 'pancake', 'FlippingAnObject'),
(0, 3, 19, 1119, 592, 424, 'pancake', 'FlippingAnObject'),
(0, 3, 20, 1120, 592, 424, 'pancake', 'FlippingAnObject'),
(0, 3, 21, 1121, 591, 424, 'pancake', 'FlippingAnObject'),
(0, 3, 22, 1122, 591, 423, 'pancake', 'FlippingAnObject'),
(0, 3, 23, 1123, 593, 427, 'pancake', 'FlippingAnObject'),
(0, 3, 24, 1124, 595, 431, 'pancake', 'FlippingAnObject'),
(0, 3, 25, 1125, 596, 431, 'pancake', 'FlippingAnObject'),
(0, 3, 26, 1126, 596, 431, 'pancake', 'FlippingAnObject'),
(0, 3, 27, 1127, 596, 430, 'pancake', 'FlippingAnObject'),
(0, 3, 28, 1128, 595, 426, 'pancake', 'FlippingAnObject'),
(0, 3, 29, 1129, 597, 428, 'pancake', 'FlippingAnObject'),
(0, 3, 30, 1130, 602, 429, 'pancake', 'FlippingAnObject'),
(0, 3, 31, 1131, 605, 428, 'pancake', 'FlippingAnObject'),
(0, 3, 32, 1132, 611, 416, 'pancake', 'FlippingAnObject'),
(0, 3, 33, 1133, 613, 414, 'pancake', 'FlippingAnObject'),
(0, 3, 34, 1134, 595, 399, 'pancake', 'FlippingAnObject'),
(0, 3, 35, 1135, 595, 402, 'pancake', 'FlippingAnObject'),
(0, 3, 36, 1136, 593, 404, 'pancake', 'FlippingAnObject'),
(0, 3, 37, 1137, 596, 404, 'pancake', 'FlippingAnObject'),
(0, 3, 38, 1138, 599, 404, 'pancake', 'FlippingAnObject'),
(0, 3, 39, 1139, 603, 403, 'pancake', 'FlippingAnObject'),
(0, 3, 40, 1140, 603, 404, 'pancake', 'FlippingAnObject'),
(0, 3, 41, 1141, 603, 404, 'pancake', 'FlippingAnObject'),
(0, 3, 42, 1142, 605, 406, 'pancake', 'FlippingAnObject'),
(0, 3, 43, 1143, 609, 409, 'pancake', 'FlippingAnObject'),
(0, 3, 44, 1144, 615, 414, 'pancake', 'FlippingAnObject'),
(0, 3, 45, 1145, 619, 417, 'pancake', 'FlippingAnObject'),
(0, 3, 46, 1146, 622, 416, 'pancake', 'FlippingAnObject'),
(0, 3, 47, 1147, 611, 406, 'pancake', 'FlippingAnObject'),
(0, 3, 48, 1148, 603, 400, 'pancake', 'FlippingAnObject'),
(0, 3, 49, 1149, 604, 399, 'pancake', 'FlippingAnObject'),
(0, 3, 50, 1150, 606, 400, 'pancake', 'FlippingAnObject'),
(0, 3, 51, 1151, 607, 402, 'pancake', 'FlippingAnObject'),
(0, 3, 52, 1152, 607, 401, 'pancake', 'FlippingAnObject'),
(0, 3, 53, 1153, 607, 400, 'pancake', 'FlippingAnObject'),
(0, 3, 54, 1154, 609, 400, 'pancake', 'FlippingAnObject'),
(0, 3, 55, 1155, 613, 404, 'pancake', 'FlippingAnObject'),
(0, 3, 56, 1156, 615, 406, 'pancake', 'FlippingAnObject'),
(0, 3, 57, 1157, 616, 407, 'pancake', 'FlippingAnObject'),
(0, 3, 58, 1158, 616, 407, 'pancake', 'FlippingAnObject'),
(0, 3, 59, 1159, 617, 407, 'pancake', 'FlippingAnObject'),
(0, 3, 60, 1160, 618, 409, 'pancake', 'FlippingAnObject'),
(0, 3, 61, 1161, 618, 411, 'pancake', 'FlippingAnObject'),
(0, 3, 62, 1162, 614, 412, 'pancake', 'FlippingAnObject'),
(0, 3, 63, 1163, 604, 407, 'pancake', 'FlippingAnObject'),
(0, 3, 64, 1164, 600, 404, 'pancake', 'FlippingAnObject'),
(0, 3, 65, 1165, 616, 398, 'pancake', 'FlippingAnObject'),
(0, 3, 66, 1166, 602, 420, 'pancake', 'FlippingAnObject'),
(0, 3, 67, 1167, 602, 418, 'pancake', 'FlippingAnObject'),
(0, 3, 68, 1168, 602, 423, 'pancake', 'FlippingAnObject'),
(0, 3, 69, 1169, 608, 427, 'pancake', 'FlippingAnObject'),
(0, 3, 70, 1170, 617, 430, 'pancake', 'FlippingAnObject'),
(0, 3, 71, 1171, 703, 478, 'pancake', 'FlippingAnObject'),
(0, 3, 72, 1172, 677, 414, 'pancake', 'FlippingAnObject'),
(0, 3, 73, 1173, 677, 402, 'pancake', 'FlippingAnObject'),
(0, 3, 74, 1174, 649, 404, 'pancake', 'FlippingAnObject'),
(0, 3, 75, 1175, 639, 391, 'pancake', 'FlippingAnObject'),
(0, 3, 76, 1176, 633, 410, 'pancake', 'FlippingAnObject'),
(0, 3, 77, 1177, 631, 414, 'pancake', 'FlippingAnObject'),
(0, 3, 78, 1178, 642, 413, 'pancake', 'FlippingAnObject'),
(0, 3, 79, 1179, 638, 413, 'pancake', 'FlippingAnObject'),
(0, 3, 80, 1180, 638, 413, 'pancake', 'FlippingAnObject'),
(0, 3, 81, 1181, 638, 413, 'pancake', 'FlippingAnObject'),
(0, 3, 82, 1182, 594, 460, 'pancake', 'FlippingAnObject'),
(0, 3, 83, 1183, 604, 463, 'pancake', 'FlippingAnObject'),
(0, 3, 84, 1184, 607, 463, 'pancake', 'FlippingAnObject'),
(0, 3, 85, 1185, 618, 462, 'pancake', 'FlippingAnObject'),
(0, 4, 0, 1186, 625, 461, 'spatula', 'PuttingDownAnObject'),
(0, 4, 1, 1187, 903, 584, 'spatula', 'PuttingDownAnObject'),
(0, 4, 2, 1188, 911, 579, 'spatula', 'PuttingDownAnObject'),
(0, 4, 3, 1189, 820, 364, 'spatula', 'PuttingDownAnObject'),
(0, 4, 4, 1190, 824, 368, 'spatula', 'PuttingDownAnObject'),
(0, 4, 5, 1191, 826, 373, 'spatula', 'PuttingDownAnObject'),
(0, 4, 6, 1192, 823, 369, 'spatula', 'PuttingDownAnObject'),
(0, 4, 7, 1193, 813, 367, 'spatula', 'PuttingDownAnObject'),
(0, 4, 8, 1194, 805, 363, 'spatula', 'PuttingDownAnObject'),
(0, 4, 9, 1195, 807, 379, 'spatula', 'PuttingDownAnObject'),
(0, 4, 10, 1196, 807, 394, 'spatula', 'PuttingDownAnObject'),
(0, 4, 11, 1197, 797, 401, 'spatula', 'PuttingDownAnObject'),
(0, 4, 12, 1198, 797, 401, 'spatula', 'PuttingDownAnObject'),
(0, 4, 13, 1199, 797, 401, 'spatula', 'PuttingDownAnObject'),
(0, 4, 14, 1200, 717, 385, 'spatula', 'PuttingDownAnObject'),
(0, 4, 15, 1201, 701, 379, 'spatula', 'PuttingDownAnObject'),
(0, 4, 16, 1202, 701, 379, 'spatula', 'PuttingDownAnObject'),
(0, 4, 17, 1203, 701, 379, 'spatula', 'PuttingDownAnObject'),
(0, 4, 18, 1204, 670, 376, 'spatula', 'PuttingDownAnObject'),
(0, 4, 19, 1205, 675, 423, 'spatula', 'PuttingDownAnObject'),
(0, 4, 20, 1206, 678, 447, 'spatula', 'PuttingDownAnObject'),
(0, 4, 21, 1207, 672, 446, 'spatula', 'PuttingDownAnObject'),
(0, 4, 22, 1208, 663, 443, 'spatula', 'PuttingDownAnObject'),
(0, 4, 23, 1209, 657, 441, 'spatula', 'PuttingDownAnObject'),
(0, 4, 24, 1210, 652, 440, 'spatula', 'PuttingDownAnObject'),
(0, 4, 25, 1211, 650, 440, 'spatula', 'PuttingDownAnObject'),
(0, 4, 26, 1212, 649, 443, 'spatula', 'PuttingDownAnObject'),
(0, 4, 27, 1213, 657, 467, 'spatula', 'PuttingDownAnObject'),
(0, 4, 28, 1214, 655, 466, 'spatula', 'PuttingDownAnObject'),
(0, 4, 29, 1215, 654, 469, 'spatula', 'PuttingDownAnObject'),
(0, 4, 30, 1216, 652, 467, 'spatula', 'PuttingDownAnObject'),
(0, 4, 31, 1217, 648, 472, 'spatula', 'PuttingDownAnObject'),
(0, 4, 32, 1218, 648, 467, 'spatula', 'PuttingDownAnObject'),
(0, 4, 33, 1219, 657, 441, 'spatula', 'PuttingDownAnObject'),
(0, 4, 34, 1220, 652, 440, 'spatula', 'PuttingDownAnObject'),
(0, 4, 35, 1221, 650, 440, 'spatula', 'PuttingDownAnObject'),
(0, 4, 36, 1222, 649, 443, 'spatula', 'PuttingDownAnObject'),
(0, 4, 37, 1223, 657, 467, 'spatula', 'PuttingDownAnObject'),
(0, 4, 38, 1224, 655, 466, 'spatula', 'PuttingDownAnObject'),
(0, 4, 39, 1225, 654, 469, 'spatula', 'PuttingDownAnObject'),
(0, 4, 40, 1226, 648, 472, 'spatula', 'PuttingDownAnObject'),
(0, 4, 41, 1227, 648, 467, 'spatula', 'PuttingDownAnObject');

-- --------------------------------------------------------

--
-- Estructura de tabla para la tabla `ObjectRecognition`
--

CREATE TABLE IF NOT EXISTS `ObjectRecognition` (
  `Frame` int(4) DEFAULT NULL,
  `DetectedObject` varchar(15) DEFAULT NULL
) ENGINE=MyISAM DEFAULT CHARSET=utf8;

--
-- Volcar la base de datos para la tabla `ObjectRecognition`
--

INSERT INTO `ObjectRecognition` (`Frame`, `DetectedObject`) VALUES
(1, 'None'),
(2, 'None'),
(3, 'None'),
(4, 'None'),
(5, 'None'),
(6, 'None'),
(7, 'None'),
(8, 'None'),
(9, 'None'),
(10, 'None'),
(11, 'None'),
(12, 'None'),
(13, 'None'),
(14, 'None'),
(15, 'None'),
(16, 'None'),
(17, 'None'),
(18, 'None'),
(19, 'None'),
(20, 'None'),
(21, 'None'),
(22, 'None'),
(23, 'None'),
(24, 'None'),
(25, 'None'),
(26, 'None'),
(27, 'None'),
(28, 'None'),
(29, 'None'),
(30, 'None'),
(31, 'None'),
(32, 'Spatula'),
(33, 'Spatula'),
(34, 'Spatula'),
(35, 'Spatula'),
(36, 'Spatula'),
(37, 'Spatula'),
(38, 'PancakeMix'),
(39, 'PancakeMix'),
(40, 'PancakeMix'),
(41, 'PancakeMix'),
(42, 'PancakeMix'),
(43, 'PancakeMix'),
(44, 'PancakeMix'),
(45, 'PancakeMix'),
(46, 'PancakeMix'),
(47, 'PancakeMix'),
(48, 'PancakeMix'),
(49, 'PancakeMix'),
(50, 'PancakeMix'),
(51, 'PancakeMix'),
(52, 'PancakeMix'),
(53, 'PancakeMix'),
(54, 'PancakeMix'),
(55, 'PancakeMix'),
(56, 'PancakeMix'),
(57, 'PancakeMix'),
(58, 'PancakeMix'),
(59, 'PancakeMix'),
(60, 'PancakeMix'),
(61, 'PancakeMix'),
(62, 'PancakeMix'),
(63, 'PancakeMix'),
(64, 'PancakeMix'),
(65, 'PancakeMix'),
(66, 'PancakeMix'),
(67, 'PancakeMix'),
(68, 'PancakeMix'),
(69, 'PancakeMix'),
(70, 'PancakeMix'),
(71, 'PancakeMix'),
(72, 'PancakeMix'),
(73, 'PancakeMix'),
(74, 'PancakeMix'),
(75, 'PancakeMix'),
(76, 'PancakeMix'),
(77, 'PancakeMix'),
(78, 'PancakeMix'),
(79, 'PancakeMix'),
(80, 'PancakeMix'),
(81, 'PancakeMix'),
(82, 'PancakeMix'),
(83, 'PancakeMix'),
(84, 'PancakeMix'),
(85, 'PancakeMix'),
(86, 'PancakeMix'),
(87, 'PancakeMix'),
(88, 'PancakeMix'),
(89, 'PancakeMix'),
(90, 'PancakeMix'),
(91, 'PancakeMix'),
(92, 'PancakeMix'),
(93, 'PancakeMix'),
(94, 'PancakeMix'),
(95, 'None'),
(96, 'None'),
(97, 'None'),
(98, 'None'),
(99, 'None'),
(100, 'None'),
(101, 'None'),
(102, 'None'),
(103, 'None'),
(104, 'None'),
(105, 'None'),
(106, 'None'),
(107, 'None'),
(108, 'None'),
(109, 'None'),
(110, 'None'),
(111, 'None'),
(112, 'None'),
(113, 'None'),
(114, 'None'),
(115, 'None'),
(116, 'None'),
(117, 'None'),
(118, 'None'),
(119, 'None'),
(120, 'None'),
(121, 'None'),
(122, 'None'),
(123, 'None'),
(124, 'None'),
(125, 'None'),
(126, 'None'),
(127, 'None'),
(128, 'None'),
(129, 'None'),
(130, 'None'),
(131, 'None'),
(132, 'None'),
(133, 'None'),
(134, 'None'),
(135, 'None'),
(136, 'None'),
(137, 'None'),
(138, 'None'),
(139, 'None'),
(140, 'None'),
(141, 'None'),
(142, 'None'),
(143, 'None'),
(144, 'None'),
(145, 'None'),
(146, 'None'),
(147, 'None'),
(148, 'None'),
(149, 'None'),
(150, 'None'),
(151, 'None'),
(152, 'None'),
(153, 'None'),
(154, 'None'),
(155, 'None'),
(156, 'None'),
(157, 'None'),
(158, 'None'),
(159, 'None'),
(160, 'None'),
(161, 'None'),
(162, 'None'),
(163, 'None'),
(164, 'None'),
(165, 'None'),
(166, 'None'),
(167, 'None'),
(168, 'None'),
(169, 'None'),
(170, 'None'),
(171, 'None'),
(172, 'None'),
(173, 'None'),
(174, 'None'),
(175, 'None'),
(176, 'Pancake'),
(177, 'Pancake'),
(178, 'Pancake'),
(179, 'Pancake'),
(180, 'Pancake'),
(181, 'Pancake'),
(182, 'Pancake'),
(183, 'Pancake'),
(184, 'Pancake'),
(185, 'Pancake'),
(186, 'Pancake'),
(187, 'Pancake'),
(188, 'Pancake'),
(189, 'Pancake'),
(190, 'Pancake'),
(191, 'Pancake'),
(192, 'Pancake'),
(193, 'Pancake'),
(194, 'Pancake'),
(195, 'Pancake'),
(196, 'Pancake'),
(197, 'Pancake'),
(198, 'Pancake'),
(199, 'Pancake'),
(200, 'Pancake'),
(201, 'Pancake'),
(202, 'Pancake'),
(203, 'Pancake'),
(204, 'Pancake'),
(205, 'Pancake'),
(206, 'Pancake'),
(207, 'Pancake'),
(208, 'Pancake'),
(209, 'Pancake'),
(210, 'Pancake'),
(211, 'PancakeMix'),
(212, 'PancakeMix'),
(213, 'PancakeMix'),
(214, 'PancakeMix'),
(215, 'PancakeMix'),
(216, 'PancakeMix'),
(217, 'PancakeMix'),
(218, 'PancakeMix'),
(219, 'PancakeMix'),
(220, 'PancakeMix'),
(221, 'PancakeMix'),
(222, 'PancakeMix'),
(223, 'PancakeMix'),
(224, 'PancakeMix'),
(225, 'PancakeMix'),
(226, 'PancakeMix'),
(227, 'PancakeMix'),
(228, 'PancakeMix'),
(229, 'PancakeMix'),
(230, 'PancakeMix'),
(231, 'PancakeMix'),
(232, 'PancakeMix'),
(233, 'PancakeMix'),
(234, 'PancakeMix'),
(235, 'PancakeMix'),
(236, 'PancakeMix'),
(237, 'PancakeMix'),
(238, 'PancakeMix'),
(239, 'PancakeMix'),
(240, 'PancakeMix'),
(241, 'PancakeMix'),
(242, 'PancakeMix'),
(243, 'PancakeMix'),
(244, 'PancakeMix'),
(245, 'PancakeMix'),
(246, 'PancakeMix'),
(247, 'PancakeMix'),
(248, 'PancakeMix'),
(249, 'PancakeMix'),
(250, 'PancakeMix'),
(251, 'PancakeMix'),
(252, 'PancakeMix'),
(253, 'PancakeMix'),
(254, 'PancakeMix'),
(255, 'PancakeMix'),
(256, 'PancakeMix'),
(257, 'PancakeMix'),
(258, 'PancakeMix'),
(259, 'PancakeMix'),
(260, 'PancakeMix'),
(261, 'PancakeMix'),
(262, 'PancakeMix'),
(263, 'PancakeMix'),
(264, 'PancakeMix'),
(265, 'PancakeMix'),
(266, 'PancakeMix'),
(267, 'PancakeMix'),
(268, 'PancakeMix'),
(269, 'PancakeMix'),
(270, 'PancakeMix'),
(271, 'PancakeMix'),
(272, 'PancakeMix'),
(273, 'PancakeMix'),
(274, 'PancakeMix'),
(275, 'PancakeMix'),
(276, 'PancakeMix'),
(277, 'PancakeMix'),
(278, 'PancakeMix'),
(279, 'PancakeMix'),
(280, 'PancakeMix'),
(281, 'PancakeMix'),
(282, 'PancakeMix'),
(283, 'PancakeMix'),
(284, 'PancakeMix'),
(285, 'PancakeMix'),
(286, 'PancakeMix'),
(287, 'PancakeMix'),
(288, 'PancakeMix'),
(289, 'PancakeMix'),
(290, 'PancakeMix'),
(291, 'Pancake'),
(292, 'Pancake'),
(293, 'Pancake'),
(294, 'Pancake'),
(295, 'Pancake'),
(296, 'Pancake'),
(297, 'Pancake'),
(298, 'Pancake'),
(299, 'Pancake'),
(300, 'Pancake'),
(301, 'Pancake'),
(302, 'Pancake'),
(303, 'Pancake'),
(304, 'Pancake'),
(305, 'Pancake'),
(306, 'Pancake'),
(307, 'Pancake'),
(308, 'Pancake'),
(309, 'Pancake'),
(310, 'Pancake'),
(311, 'Pancake'),
(312, 'Pancake'),
(313, 'Pancake'),
(314, 'Spatula'),
(315, 'Spatula'),
(316, 'Spatula'),
(317, 'Spatula'),
(318, 'Spatula'),
(319, 'Spatula'),
(320, 'Spatula'),
(321, 'Spatula'),
(322, 'Spatula'),
(323, 'Spatula'),
(324, 'Spatula'),
(325, 'Spatula'),
(326, 'Plate'),
(327, 'Plate'),
(328, 'Plate'),
(329, 'Plate'),
(330, 'Plate'),
(331, 'Plate'),
(332, 'Plate'),
(333, 'Plate'),
(334, 'Plate'),
(335, 'Plate'),
(336, 'Plate'),
(337, 'Plate'),
(338, 'Plate'),
(339, 'Plate'),
(340, 'Plate'),
(341, 'Plate'),
(342, 'Plate'),
(343, 'Plate'),
(344, 'Plate'),
(345, 'Plate'),
(346, 'Plate'),
(347, 'Plate'),
(348, 'Plate'),
(349, 'Plate'),
(350, 'Spatula'),
(351, 'Spatula'),
(352, 'Spatula'),
(353, 'Spatula'),
(354, 'Spatula'),
(355, 'Spatula'),
(356, 'Spatula'),
(357, 'Spatula'),
(358, 'Spatula'),
(359, 'Spatula'),
(360, 'Spatula'),
(361, 'Spatula'),
(362, 'Spatula'),
(363, 'Spatula'),
(364, 'None'),
(365, 'None'),
(366, 'None'),
(367, 'None'),
(368, 'Spatula'),
(369, 'Spatula'),
(370, 'Spatula'),
(371, 'Spatula'),
(372, 'Spatula'),
(373, 'Spatula'),
(374, 'None'),
(375, 'None'),
(376, 'None'),
(377, 'None'),
(378, 'None'),
(379, 'None'),
(380, 'None'),
(381, 'None'),
(382, 'None'),
(383, 'None'),
(384, 'None'),
(385, 'None'),
(386, 'None'),
(387, 'None'),
(388, 'None'),
(389, 'None'),
(390, 'None'),
(391, 'Pancake'),
(392, 'None'),
(393, 'None'),
(394, 'None'),
(395, 'None'),
(396, 'None'),
(397, 'None'),
(398, 'None'),
(399, 'None'),
(400, 'Pancake'),
(401, 'Pancake'),
(402, 'Pancake'),
(403, 'Pancake'),
(404, 'Spatula'),
(405, 'Spatula'),
(406, 'Pancake'),
(407, 'Pancake'),
(408, 'Pancake'),
(409, 'Pancake'),
(410, 'Pancake'),
(411, 'Pancake'),
(412, 'Pancake'),
(413, 'Pancake'),
(414, 'Pancake'),
(415, 'Pancake'),
(416, 'Pancake'),
(417, 'Pancake'),
(418, 'Pancake'),
(419, 'Pancake'),
(420, 'Pancake'),
(421, 'Pancake'),
(422, 'Pancake'),
(423, 'Pancake'),
(424, 'Pancake'),
(425, 'Pancake'),
(426, 'Pancake'),
(427, 'Spatula'),
(428, 'Spatula'),
(429, 'Spatula'),
(430, 'Spatula'),
(431, 'Spatula'),
(432, 'Spatula'),
(433, 'PancakeMix'),
(434, 'PancakeMix'),
(435, 'PancakeMix'),
(436, 'PancakeMix'),
(437, 'PancakeMix'),
(438, 'PancakeMix'),
(439, 'None'),
(440, 'None'),
(441, 'None'),
(442, 'None'),
(443, 'None'),
(444, 'None'),
(445, 'None'),
(446, 'None'),
(447, 'None'),
(448, 'None'),
(449, 'None'),
(450, 'None'),
(451, 'None'),
(452, 'None'),
(453, 'None'),
(454, 'None'),
(455, 'None'),
(456, 'None'),
(457, 'None'),
(458, 'None'),
(459, 'None'),
(460, 'None'),
(461, 'None'),
(462, 'PancakeMix'),
(463, 'PancakeMix'),
(464, 'PancakeMix'),
(465, 'PancakeMix'),
(466, 'PancakeMix'),
(467, 'PancakeMix'),
(468, 'PancakeMix'),
(469, 'PancakeMix'),
(470, 'Spatula'),
(471, 'Spatula'),
(472, 'Spatula'),
(473, 'Spatula'),
(474, 'Spatula'),
(475, 'Spatula'),
(476, 'Spatula'),
(477, 'Spatula'),
(478, 'Spatula'),
(479, 'Spatula'),
(480, 'Spatula'),
(481, 'Spatula'),
(482, 'Spatula'),
(483, 'Spatula'),
(484, 'Spatula'),
(485, 'Spatula'),
(486, 'Spatula'),
(487, 'Spatula'),
(488, 'Spatula'),
(489, 'Spatula'),
(490, 'Spatula'),
(491, 'Spatula'),
(492, 'Spatula'),
(493, 'Spatula'),
(494, 'Spatula'),
(495, 'Spatula'),
(496, 'Spatula'),
(497, 'Spatula'),
(498, 'Spatula'),
(499, 'Spatula'),
(500, 'Spatula'),
(501, 'Spatula'),
(502, 'Spatula'),
(503, 'Spatula'),
(504, 'Spatula'),
(505, 'Spatula'),
(506, 'Spatula'),
(507, 'Spatula'),
(508, 'Spatula'),
(509, 'Spatula'),
(510, 'Spatula'),
(511, 'Spatula'),
(512, 'Spatula'),
(513, 'Spatula'),
(514, 'Spatula'),
(515, 'Spatula'),
(516, 'Spatula'),
(517, 'Spatula'),
(518, 'Spatula'),
(519, 'Spatula'),
(520, 'Pancake'),
(521, 'Pancake'),
(522, 'Pancake'),
(523, 'Pancake'),
(524, 'Pancake'),
(525, 'Pancake'),
(526, 'Pancake'),
(527, 'Pancake'),
(528, 'Pancake'),
(529, 'Pancake'),
(530, 'Pancake'),
(531, 'Pancake'),
(532, 'Pancake'),
(533, 'Pancake'),
(534, 'Pancake'),
(535, 'Pancake'),
(536, 'Pancake'),
(537, 'Pancake'),
(538, 'Pancake'),
(539, 'Pancake'),
(540, 'Pancake'),
(541, 'Pancake'),
(542, 'Pancake'),
(543, 'Pancake'),
(544, 'Pancake'),
(545, 'Pancake'),
(546, 'Pancake'),
(547, 'Pancake'),
(548, 'Pancake'),
(549, 'Pancake'),
(550, 'Pancake'),
(551, 'Pancake'),
(552, 'Pancake'),
(553, 'Pancake'),
(554, 'Pancake'),
(555, 'Pancake'),
(556, 'Pancake'),
(557, 'Pancake'),
(558, 'Pancake'),
(559, 'Pancake'),
(560, 'Pancake'),
(561, 'Pancake'),
(562, 'Pancake'),
(563, 'Pancake'),
(564, 'Pancake'),
(565, 'Pancake'),
(566, 'Pancake'),
(567, 'Pancake'),
(568, 'Pancake'),
(569, 'Pancake'),
(570, 'Pancake'),
(571, 'Pancake'),
(572, 'Pancake'),
(573, 'Pancake'),
(574, 'Pancake'),
(575, 'Pancake'),
(576, 'Pancake'),
(577, 'Pancake'),
(578, 'Pancake'),
(579, 'Pancake'),
(580, 'Pancake'),
(581, 'Pancake'),
(582, 'Pancake'),
(583, 'Pancake'),
(584, 'Pancake'),
(585, 'Pancake'),
(586, 'Pancake'),
(587, 'Pancake'),
(588, 'Pancake'),
(589, 'Pancake'),
(590, 'Pancake'),
(591, 'Pancake'),
(592, 'Pancake'),
(593, 'Pancake'),
(594, 'Pancake'),
(595, 'Pancake'),
(596, 'Pancake'),
(597, 'Pancake'),
(598, 'Pancake'),
(599, 'Pancake'),
(600, 'Plate'),
(601, 'Plate'),
(602, 'Plate'),
(603, 'Plate'),
(604, 'Plate'),
(605, 'Plate'),
(606, 'Plate'),
(607, 'Plate'),
(608, 'Plate'),
(609, 'Plate'),
(610, 'Plate'),
(611, 'Plate'),
(612, 'Plate'),
(613, 'Plate'),
(614, 'Plate'),
(615, 'Plate'),
(616, 'Plate'),
(617, 'Pancake'),
(618, 'Pancake'),
(619, 'Pancake'),
(620, 'Pancake'),
(621, 'Pancake'),
(622, 'Pancake'),
(623, 'Pancake'),
(624, 'Pancake'),
(625, 'Pancake'),
(626, 'Pancake'),
(627, 'Pancake'),
(628, 'Pancake'),
(629, 'Pancake'),
(630, 'Pancake'),
(631, 'Pancake'),
(632, 'Pancake'),
(633, 'Pancake'),
(634, 'Pancake'),
(635, 'Pancake'),
(636, 'Pancake'),
(637, 'Pancake'),
(638, 'Pancake'),
(639, 'Pancake'),
(640, 'Pancake'),
(641, 'Pancake'),
(642, 'Pancake'),
(643, 'Pancake'),
(644, 'Pancake'),
(645, 'Pancake'),
(646, 'Pancake'),
(647, 'Pancake'),
(648, 'Pancake'),
(649, 'Pancake'),
(650, 'Pancake'),
(651, 'Pancake'),
(652, 'Pancake'),
(653, 'Pancake'),
(654, 'Pancake'),
(655, 'Pancake'),
(656, 'Pancake'),
(657, 'Pancake'),
(658, 'Pancake'),
(659, 'Pancake'),
(660, 'Pancake'),
(661, 'Pancake'),
(662, 'Pancake'),
(663, 'Pancake'),
(664, 'Pancake'),
(665, 'Pancake'),
(666, 'Pancake'),
(667, 'Pancake'),
(668, 'Pancake'),
(669, 'Pancake'),
(670, 'Pancake'),
(671, 'Pancake'),
(672, 'Pancake'),
(673, 'Pancake'),
(674, 'Pancake'),
(675, 'Pancake'),
(676, 'Pancake'),
(677, 'Pancake'),
(678, 'Pancake'),
(679, 'Pancake'),
(680, 'Pancake'),
(681, 'Pancake'),
(682, 'Pancake'),
(683, 'Pancake'),
(684, 'Pancake'),
(685, 'Pancake'),
(686, 'Pancake'),
(687, 'Pancake'),
(688, 'Pancake'),
(689, 'Pancake'),
(690, 'Pancake'),
(691, 'Pancake'),
(692, 'Pancake'),
(693, 'Pancake'),
(694, 'Pancake'),
(695, 'Pancake'),
(696, 'Pancake'),
(697, 'Pancake'),
(698, 'Pancake'),
(699, 'Pancake'),
(700, 'Pancake'),
(701, 'Pancake'),
(702, 'Pancake'),
(703, 'Pancake'),
(704, 'Pancake'),
(705, 'Pancake'),
(706, 'Pancake'),
(707, 'Pancake'),
(708, 'Pancake'),
(709, 'Pancake'),
(710, 'Pancake'),
(711, 'Pancake'),
(712, 'Pancake'),
(713, 'Pancake'),
(714, 'Pancake'),
(715, 'Pancake'),
(716, 'Pancake'),
(717, 'Pancake'),
(718, 'Pancake'),
(719, 'Pancake'),
(720, 'Pancake'),
(721, 'Pancake'),
(722, 'Pancake'),
(723, 'Pancake'),
(724, 'Pancake'),
(725, 'Pancake'),
(726, 'Pancake'),
(727, 'Pancake'),
(728, 'Pancake'),
(729, 'Pancake'),
(730, 'Pancake'),
(731, 'Pancake'),
(732, 'Pancake'),
(733, 'Pancake'),
(734, 'Pancake'),
(735, 'Pancake'),
(736, 'Pancake'),
(737, 'PancakeMix'),
(738, 'PancakeMix'),
(739, 'PancakeMix'),
(740, 'PancakeMix'),
(741, 'PancakeMix'),
(742, 'PancakeMix'),
(743, 'PancakeMix'),
(744, 'PancakeMix'),
(745, 'PancakeMix'),
(746, 'PancakeMix'),
(747, 'PancakeMix'),
(748, 'PancakeMix'),
(749, 'PancakeMix'),
(750, 'PancakeMix'),
(751, 'PancakeMix'),
(752, 'PancakeMix'),
(753, 'PancakeMix'),
(754, 'PancakeMix'),
(755, 'PancakeMix'),
(756, 'PancakeMix'),
(757, 'Pancake'),
(758, 'Pancake'),
(759, 'Pancake'),
(760, 'Pancake'),
(761, 'Pancake'),
(762, 'Pancake'),
(763, 'Pancake'),
(764, 'Pancake'),
(765, 'Pancake'),
(766, 'Pancake'),
(767, 'Pancake'),
(768, 'Pancake'),
(769, 'Pancake'),
(770, 'Pancake'),
(771, 'Pancake'),
(772, 'Pancake'),
(773, 'Pancake'),
(774, 'Pancake'),
(775, 'Pancake'),
(776, 'Pancake'),
(777, 'Pancake'),
(778, 'Pancake'),
(779, 'Pancake'),
(780, 'Pancake'),
(781, 'Pancake'),
(782, 'Pancake'),
(783, 'Pancake'),
(784, 'Pancake'),
(785, 'Pancake'),
(786, 'Pancake'),
(787, 'Pancake'),
(788, 'Pancake'),
(789, 'Pancake'),
(790, 'Pancake'),
(791, 'Pancake'),
(792, 'Pancake'),
(793, 'Pancake'),
(794, 'Pancake'),
(795, 'Pancake'),
(796, 'Pancake'),
(797, 'Pancake'),
(798, 'Pancake'),
(799, 'Pancake'),
(800, 'Pancake'),
(801, 'Pancake'),
(802, 'Pancake'),
(803, 'Pancake'),
(804, 'Pancake'),
(805, 'Pancake'),
(806, 'Pancake'),
(807, 'Pancake'),
(808, 'Pancake'),
(809, 'Pancake'),
(810, 'Pancake'),
(811, 'Pancake'),
(812, 'Pancake'),
(813, 'Pancake'),
(814, 'Pancake'),
(815, 'Pancake'),
(816, 'Pancake'),
(817, 'Pancake'),
(818, 'Pancake'),
(819, 'Pancake'),
(820, 'Pancake'),
(821, 'Pancake'),
(822, 'Pancake'),
(823, 'Pancake'),
(824, 'Pancake'),
(825, 'Pancake'),
(826, 'Pancake'),
(827, 'Pancake'),
(828, 'Pancake'),
(829, 'Pancake'),
(830, 'Pancake'),
(831, 'Pancake'),
(832, 'Pancake'),
(833, 'Pancake'),
(834, 'Pancake'),
(835, 'Pancake'),
(836, 'Pancake'),
(837, 'Pancake'),
(838, 'Pancake'),
(839, 'Pancake'),
(840, 'Pancake'),
(841, 'Pancake'),
(842, 'Pancake'),
(843, 'Pancake'),
(844, 'Pancake'),
(845, 'Pancake'),
(846, 'Pancake'),
(847, 'Pancake'),
(848, 'Pancake'),
(849, 'Pancake'),
(850, 'Pancake'),
(851, 'Pancake'),
(852, 'Pancake'),
(853, 'Pancake'),
(854, 'Pancake'),
(855, 'Pancake'),
(856, 'Pancake'),
(857, 'Pancake'),
(858, 'Pancake'),
(859, 'Pancake'),
(860, 'Pancake'),
(861, 'Pancake'),
(862, 'Pancake'),
(863, 'Pancake'),
(864, 'Pancake'),
(865, 'Pancake'),
(866, 'Pancake'),
(867, 'Pancake'),
(868, 'Pancake'),
(869, 'Pancake'),
(870, 'Pancake'),
(871, 'Pancake'),
(872, 'Pancake'),
(873, 'Pancake'),
(874, 'Pancake'),
(875, 'Pancake'),
(876, 'Pancake'),
(877, 'Pancake'),
(878, 'Pancake'),
(879, 'Pancake'),
(880, 'Pancake'),
(881, 'Pancake'),
(882, 'Pancake'),
(883, 'Pancake'),
(884, 'Pancake'),
(885, 'Pancake'),
(886, 'Pancake'),
(887, 'Pancake'),
(888, 'Pancake'),
(889, 'Pancake'),
(890, 'Pancake'),
(891, 'Pancake'),
(892, 'Pancake'),
(893, 'Pancake'),
(894, 'Pancake'),
(895, 'Pancake'),
(896, 'Pancake'),
(897, 'Pancake'),
(898, 'Pancake'),
(899, 'Pancake'),
(900, 'Pancake'),
(901, 'Pancake'),
(902, 'Pancake'),
(903, 'Pancake'),
(904, 'Pancake'),
(905, 'Pancake'),
(906, 'Pancake'),
(907, 'Pancake'),
(908, 'Pancake'),
(909, 'Pancake'),
(910, 'Pancake'),
(911, 'Pancake'),
(912, 'Pancake'),
(913, 'Pancake'),
(914, 'Pancake'),
(915, 'Pancake'),
(916, 'Pancake'),
(917, 'Pancake'),
(918, 'Pancake'),
(919, 'Pancake'),
(920, 'Pancake'),
(921, 'Pancake'),
(922, 'Pancake'),
(923, 'Pancake'),
(924, 'Pancake'),
(925, 'Pancake'),
(926, 'Pancake'),
(927, 'Pancake'),
(928, 'Pancake'),
(929, 'Pancake'),
(930, 'Pancake'),
(931, 'Pancake'),
(932, 'Pancake'),
(933, 'Pancake'),
(934, 'Pancake'),
(935, 'Pancake'),
(936, 'Pancake'),
(937, 'Pancake'),
(938, 'Pancake'),
(939, 'Pancake'),
(940, 'Pancake'),
(941, 'Pancake'),
(942, 'Pancake'),
(943, 'Pancake'),
(944, 'Pancake'),
(945, 'Pancake'),
(946, 'Pancake'),
(947, 'Pancake'),
(948, 'Pancake'),
(949, 'Pancake'),
(950, 'Pancake'),
(951, 'Pancake'),
(952, 'Pancake'),
(953, 'Pancake'),
(954, 'Pancake'),
(955, 'Pancake'),
(956, 'Pancake'),
(957, 'Pancake'),
(958, 'Pancake'),
(959, 'Pancake'),
(960, 'Pancake'),
(961, 'Pancake'),
(962, 'Pancake'),
(963, 'Pancake'),
(964, 'Pancake'),
(965, 'Pancake'),
(966, 'Pancake'),
(967, 'Pancake'),
(968, 'Pancake'),
(969, 'Pancake'),
(970, 'Pancake'),
(971, 'Pancake'),
(972, 'Pancake'),
(973, 'Pancake'),
(974, 'Pancake'),
(975, 'Pancake'),
(976, 'Pancake'),
(977, 'Pancake'),
(978, 'Pancake'),
(979, 'Pancake'),
(980, 'Pancake'),
(981, 'Pancake'),
(982, 'Pancake'),
(983, 'Pancake'),
(984, 'Pancake'),
(985, 'Pancake'),
(986, 'Pancake'),
(987, 'Pancake'),
(988, 'Pancake'),
(989, 'Pancake'),
(990, 'Pancake'),
(991, 'Pancake'),
(992, 'Pancake'),
(993, 'Pancake'),
(994, 'Pancake'),
(995, 'Pancake'),
(996, 'Pancake'),
(997, 'Pancake'),
(998, 'Pancake'),
(999, 'Pancake'),
(1000, 'Pancake'),
(1001, 'Pancake'),
(1002, 'Pancake'),
(1003, 'Pancake'),
(1004, 'Pancake'),
(1005, 'Pancake'),
(1006, 'Pancake'),
(1007, 'Pancake'),
(1008, 'Pancake'),
(1009, 'Pancake'),
(1010, 'Pancake'),
(1011, 'Pancake'),
(1012, 'Pancake'),
(1013, 'Pancake'),
(1014, 'Pancake'),
(1015, 'Pancake'),
(1016, 'Pancake'),
(1017, 'Pancake'),
(1018, 'Pancake'),
(1019, 'Pancake'),
(1020, 'Pancake'),
(1021, 'Pancake'),
(1022, 'Pancake'),
(1023, 'Pancake'),
(1024, 'Pancake'),
(1025, 'PancakeMix'),
(1026, 'PancakeMix'),
(1027, 'PancakeMix'),
(1028, 'PancakeMix'),
(1029, 'PancakeMix'),
(1030, 'PancakeMix'),
(1031, 'PancakeMix'),
(1032, 'PancakeMix'),
(1033, 'PancakeMix'),
(1034, 'PancakeMix'),
(1035, 'PancakeMix'),
(1036, 'PancakeMix'),
(1037, 'PancakeMix'),
(1038, 'PancakeMix'),
(1039, 'PancakeMix'),
(1040, 'PancakeMix'),
(1041, 'PancakeMix'),
(1042, 'PancakeMix'),
(1043, 'PancakeMix'),
(1044, 'PancakeMix'),
(1045, 'PancakeMix'),
(1046, 'PancakeMix'),
(1047, 'PancakeMix'),
(1048, 'PancakeMix'),
(1049, 'Spatula'),
(1050, 'Spatula'),
(1051, 'Spatula'),
(1052, 'Plate'),
(1053, 'Plate'),
(1054, 'Spatula'),
(1055, 'Spatula'),
(1056, 'Spatula'),
(1057, 'Spatula'),
(1058, 'Spatula'),
(1059, 'Spatula'),
(1060, 'Spatula'),
(1061, 'Spatula'),
(1062, 'Spatula'),
(1063, 'Spatula'),
(1064, 'Spatula'),
(1065, 'Spatula'),
(1066, 'Spatula'),
(1067, 'Spatula'),
(1068, 'Spatula'),
(1069, 'Spatula'),
(1070, 'Spatula'),
(1071, 'Spatula'),
(1072, 'Spatula'),
(1073, 'Spatula'),
(1074, 'Spatula'),
(1075, 'Spatula'),
(1076, 'Spatula'),
(1077, 'Spatula'),
(1078, 'Spatula'),
(1079, 'Spatula'),
(1080, 'Spatula'),
(1081, 'Spatula'),
(1082, 'Spatula'),
(1083, 'Spatula'),
(1084, 'Spatula'),
(1085, 'Spatula'),
(1086, 'Spatula'),
(1087, 'Spatula'),
(1088, 'Spatula'),
(1089, 'Spatula'),
(1090, 'Spatula'),
(1091, 'Spatula'),
(1092, 'Spatula'),
(1093, 'Spatula'),
(1094, 'Spatula'),
(1095, 'Spatula'),
(1096, 'Spatula'),
(1097, 'Spatula'),
(1098, 'Pancake'),
(1099, 'Pancake'),
(1100, 'Pancake'),
(1101, 'Pancake'),
(1102, 'Pancake'),
(1103, 'Pancake'),
(1104, 'Pancake'),
(1105, 'Pancake'),
(1106, 'Pancake'),
(1107, 'Pancake'),
(1108, 'Pancake'),
(1109, 'Pancake'),
(1110, 'Pancake'),
(1111, 'Pancake'),
(1112, 'Pancake'),
(1113, 'Pancake'),
(1114, 'Pancake'),
(1115, 'Pancake'),
(1116, 'Pancake'),
(1117, 'Pancake'),
(1118, 'Pancake'),
(1119, 'Pancake'),
(1120, 'Pancake'),
(1121, 'Pancake'),
(1122, 'Pancake'),
(1123, 'Pancake'),
(1124, 'Pancake'),
(1125, 'Pancake'),
(1126, 'Pancake'),
(1127, 'Pancake'),
(1128, 'Pancake'),
(1129, 'Pancake'),
(1130, 'Pancake'),
(1131, 'Pancake'),
(1132, 'Pancake'),
(1133, 'Pancake'),
(1134, 'Pancake'),
(1135, 'Pancake'),
(1136, 'Pancake'),
(1137, 'Pancake'),
(1138, 'Pancake'),
(1139, 'Pancake'),
(1140, 'Pancake'),
(1141, 'Pancake'),
(1142, 'Pancake'),
(1143, 'Pancake'),
(1144, 'Pancake'),
(1145, 'Pancake'),
(1146, 'Pancake'),
(1147, 'Pancake'),
(1148, 'Pancake'),
(1149, 'Pancake'),
(1150, 'Pancake'),
(1151, 'Pancake'),
(1152, 'Pancake'),
(1153, 'Pancake'),
(1154, 'Pancake'),
(1155, 'Pancake'),
(1156, 'Pancake'),
(1157, 'Pancake'),
(1158, 'Pancake'),
(1159, 'Pancake'),
(1160, 'Pancake'),
(1161, 'Pancake'),
(1162, 'Pancake'),
(1163, 'Pancake'),
(1164, 'Pancake'),
(1165, 'Pancake'),
(1166, 'Pancake'),
(1167, 'Pancake'),
(1168, 'Pancake'),
(1169, 'Pancake'),
(1170, 'Pancake'),
(1171, 'Pancake'),
(1172, 'Spatula'),
(1173, 'Pancake'),
(1174, 'Pancake'),
(1175, 'Pancake'),
(1176, 'Pancake'),
(1177, 'Pancake'),
(1178, 'Pancake'),
(1179, 'Spatula'),
(1180, 'Pancake'),
(1181, 'Pancake'),
(1182, 'Pancake'),
(1183, 'Pancake'),
(1184, 'Pancake'),
(1185, 'Pancake'),
(1186, 'Pancake'),
(1187, 'Pancake'),
(1188, 'Pancake'),
(1189, 'Pancake'),
(1190, 'Pancake'),
(1191, 'Pancake'),
(1192, 'Pancake'),
(1193, 'Pancake'),
(1194, 'Pancake'),
(1195, 'Pancake'),
(1196, 'Pancake'),
(1197, 'Pancake'),
(1198, 'Pancake'),
(1199, 'Pancake'),
(1200, 'Spatula'),
(1201, 'Spatula'),
(1202, 'PancakeMix'),
(1203, 'Spatula'),
(1204, 'Spatula'),
(1205, 'Spatula'),
(1206, 'Spatula'),
(1207, 'Spatula'),
(1208, 'Spatula'),
(1209, 'Spatula'),
(1210, 'Spatula'),
(1211, 'Spatula'),
(1212, 'Spatula'),
(1213, 'Spatula'),
(1214, 'Spatula'),
(1215, 'Spatula'),
(1216, 'Spatula'),
(1217, 'Spatula'),
(1218, 'Spatula'),
(1219, 'Spatula'),
(1220, 'Spatula'),
(1221, 'Spatula'),
(1222, 'Spatula'),
(1223, 'Spatula'),
(1224, 'Spatula'),
(1225, 'Spatula'),
(1226, 'Spatula'),
(1227, 'Spatula'),
(1228, 'Spatula'),
(1229, 'Spatula'),
(1230, 'Spatula'),
(1231, 'Spatula'),
(1232, 'Spatula'),
(1233, 'Spatula'),
(1234, 'Spatula'),
(1235, 'Spatula'),
(1236, 'Spatula'),
(1237, 'Spatula'),
(1238, 'Spatula'),
(1239, 'Spatula'),
(1240, 'Spatula'),
(1241, 'Spatula'),
(1242, 'Spatula'),
(1243, 'Spatula'),
(1244, 'Spatula'),
(1245, 'Spatula'),
(1246, 'Spatula'),
(1247, 'Spatula'),
(1248, 'Spatula'),
(1249, 'Spatula'),
(1250, 'Spatula'),
(1251, 'Spatula'),
(1252, 'Spatula'),
(1253, 'Spatula'),
(1254, 'Spatula'),
(1255, 'Spatula'),
(1256, 'Spatula'),
(1257, 'Spatula'),
(1258, 'Spatula'),
(1259, 'Spatula'),
(1260, 'Spatula'),
(1261, 'Spatula'),
(1262, 'Spatula'),
(1263, 'Spatula'),
(1264, 'Spatula'),
(1265, 'Spatula'),
(1266, 'Spatula'),
(1267, 'Spatula'),
(1268, 'Spatula'),
(1269, 'Spatula'),
(1270, 'Spatula'),
(1271, 'Spatula'),
(1272, 'Spatula'),
(1273, 'Spatula'),
(1274, 'Spatula'),
(1275, 'PancakeMix'),
(1276, 'PancakeMix'),
(1277, 'Pancake'),
(1278, 'Pancake'),
(1279, 'Pancake'),
(1280, 'Pancake'),
(1281, 'Pancake'),
(1282, 'Pancake'),
(1283, 'Pancake'),
(1284, 'Pancake'),
(1285, 'Pancake'),
(1286, 'Pancake'),
(1287, 'Pancake'),
(1288, 'Pancake'),
(1289, 'Pancake'),
(1290, 'Pancake'),
(1291, 'Pancake'),
(1292, 'Pancake'),
(1293, 'Pancake'),
(1294, 'Pancake'),
(1295, 'Pancake'),
(1296, 'Pancake'),
(1297, 'Pancake'),
(1298, 'Pancake'),
(1299, 'Pancake'),
(1300, 'Pancake'),
(1301, 'Pancake'),
(1302, 'Pancake'),
(1303, 'Pancake'),
(1304, 'Pancake'),
(1305, 'Pancake'),
(1306, 'Pancake'),
(1307, 'Pancake'),
(1308, 'Pancake'),
(1309, 'Pancake'),
(1310, 'Pancake'),
(1311, 'Pancake'),
(1312, 'Pancake'),
(1313, 'Pancake'),
(1314, 'Pancake'),
(1315, 'Pancake'),
(1316, 'Pancake'),
(1317, 'Pancake'),
(1318, 'Pancake'),
(1319, 'Pancake'),
(1320, 'Pancake'),
(1321, 'Pancake'),
(1322, 'Pancake'),
(1323, 'Pancake'),
(1324, 'Pancake'),
(1325, 'Pancake'),
(1326, 'Pancake'),
(1327, 'Pancake'),
(1328, 'Pancake'),
(1329, 'Pancake'),
(1330, 'Pancake'),
(1331, 'Pancake'),
(1332, 'Pancake'),
(1333, 'Pancake'),
(1334, 'Pancake'),
(1335, 'Pancake'),
(1336, 'Pancake'),
(1337, 'Pancake'),
(1338, 'Pancake'),
(1339, 'Pancake'),
(1340, 'Pancake'),
(1341, 'Pancake'),
(1342, 'Pancake'),
(1343, 'Pancake'),
(1344, 'Pancake'),
(1345, 'Pancake'),
(1346, 'Pancake'),
(1347, 'Pancake'),
(1348, 'Pancake'),
(1349, 'Pancake'),
(1350, 'Pancake'),
(1351, 'Pancake'),
(1352, 'Pancake'),
(1353, 'Pancake'),
(1354, 'Pancake'),
(1355, 'Pancake'),
(1356, 'Pancake'),
(1357, 'Pancake'),
(1358, 'Pancake'),
(1359, 'Pancake'),
(1360, 'Pancake'),
(1361, 'Pancake'),
(1362, 'Pancake'),
(1363, 'Pancake'),
(1364, 'Pancake'),
(1365, 'Pancake'),
(1366, 'Pancake'),
(1367, 'Pancake'),
(1368, 'Pancake'),
(1369, 'Pancake'),
(1370, 'Pancake'),
(1371, 'Pancake'),
(1372, 'Pancake'),
(1373, 'Pancake'),
(1374, 'Pancake'),
(1375, 'Pancake'),
(1376, 'Pancake'),
(1377, 'Pancake'),
(1378, 'Pancake'),
(1379, 'Pancake'),
(1380, 'Pancake'),
(1381, 'Pancake'),
(1382, 'Pancake'),
(1383, 'Pancake'),
(1384, 'Pancake'),
(1385, 'Pancake'),
(1386, 'Pancake'),
(1387, 'Pancake'),
(1388, 'Pancake'),
(1389, 'Pancake'),
(1390, 'Pancake'),
(1391, 'Pancake'),
(1392, 'Pancake'),
(1393, 'Pancake'),
(1394, 'Pancake'),
(1395, 'Pancake'),
(1396, 'Pancake'),
(1397, 'Pancake'),
(1398, 'Pancake'),
(1399, 'Pancake'),
(1400, 'Pancake'),
(1401, 'Pancake'),
(1402, 'Pancake'),
(1403, 'Pancake'),
(1404, 'Pancake'),
(1405, 'Pancake'),
(1406, 'Pancake'),
(1407, 'Pancake'),
(1408, 'Pancake'),
(1409, 'Pancake'),
(1410, 'Pancake'),
(1411, 'Pancake'),
(1412, 'Pancake'),
(1413, 'Pancake'),
(1414, 'Pancake'),
(1415, 'Pancake'),
(1416, 'Pancake'),
(1417, 'Pancake'),
(1418, 'Pancake'),
(1419, 'Pancake'),
(1420, 'Pancake'),
(1421, 'Pancake'),
(1422, 'Pancake'),
(1423, 'Pancake'),
(1424, 'Pancake'),
(1425, 'Pancake'),
(1426, 'Pancake'),
(1427, 'Pancake'),
(1428, 'Pancake'),
(1429, 'Pancake'),
(1430, 'Pancake'),
(1431, 'Pancake'),
(1432, 'Pancake'),
(1433, 'Pancake'),
(1434, 'Pancake'),
(1435, 'Pancake'),
(1436, 'Pancake'),
(1437, 'Pancake'),
(1438, 'Pancake'),
(1439, 'Pancake'),
(1440, 'Pancake'),
(1441, 'Pancake'),
(1442, 'Pancake'),
(1443, 'Pancake'),
(1444, 'Pancake'),
(1445, 'Pancake'),
(1446, 'Pancake'),
(1447, 'Pancake'),
(1448, 'Pancake'),
(1449, 'Pancake'),
(1450, 'Pancake'),
(1451, 'Pancake'),
(1452, 'PancakeMix'),
(1453, 'PancakeMix'),
(1454, 'Spatula'),
(1455, 'Spatula'),
(1456, 'Spatula'),
(1457, 'Spatula'),
(1458, 'Spatula'),
(1459, 'Spatula'),
(1460, 'Spatula'),
(1461, 'Spatula'),
(1462, 'Spatula'),
(1463, 'Spatula'),
(1464, 'Spatula'),
(1465, 'Spatula'),
(1466, 'Spatula'),
(1467, 'Spatula'),
(1468, 'Spatula'),
(1469, 'Spatula'),
(1470, 'Spatula'),
(1471, 'Spatula'),
(1472, 'Spatula'),
(1473, 'Spatula'),
(1474, 'Spatula'),
(1475, 'Spatula'),
(1476, 'Spatula'),
(1477, 'Spatula'),
(1478, 'Spatula'),
(1479, 'Spatula'),
(1480, 'Spatula'),
(1481, 'Spatula'),
(1482, 'Spatula'),
(1483, 'Spatula'),
(1484, 'Spatula'),
(1485, 'Spatula'),
(1486, 'Spatula'),
(1487, 'Spatula'),
(1488, 'Spatula'),
(1489, 'Spatula'),
(1490, 'Spatula'),
(1491, 'Spatula'),
(1492, 'Spatula'),
(1493, 'Spatula'),
(1494, 'Spatula'),
(1495, 'Spatula'),
(1496, 'Spatula'),
(1497, 'Spatula'),
(1498, 'Spatula'),
(1499, 'Plate'),
(1500, 'Plate'),
(1501, 'PancakeMix'),
(1502, 'PancakeMix'),
(1503, 'PancakeMix'),
(1504, 'PancakeMix'),
(1505, 'PancakeMix'),
(1506, 'Spatula'),
(1507, 'Spatula'),
(1508, 'Spatula'),
(1509, 'Spatula'),
(1510, 'Spatula'),
(1511, 'PancakeMix'),
(1512, 'PancakeMix'),
(1513, 'PancakeMix'),
(1514, 'PancakeMix'),
(1515, 'PancakeMix'),
(1516, 'PancakeMix'),
(1517, 'PancakeMix'),
(1518, 'PancakeMix'),
(1519, 'PancakeMix'),
(1520, 'PancakeMix'),
(1521, 'PancakeMix'),
(1522, 'PancakeMix'),
(1523, 'PancakeMix'),
(1524, 'PancakeMix'),
(1525, 'PancakeMix'),
(1526, 'PancakeMix'),
(1527, 'PancakeMix'),
(1528, 'PancakeMix'),
(1529, 'PancakeMix'),
(1530, 'PancakeMix'),
(1531, 'PancakeMix'),
(1532, 'PancakeMix'),
(1533, 'PancakeMix'),
(1534, 'PancakeMix'),
(1535, 'PancakeMix'),
(1536, 'PancakeMix'),
(1537, 'Spatula'),
(1538, 'Spatula'),
(1539, 'Spatula'),
(1540, 'Spatula'),
(1541, 'Spatula'),
(1542, 'Spatula'),
(1543, 'Spatula'),
(1544, 'Spatula'),
(1545, 'Spatula'),
(1546, 'Spatula'),
(1547, 'Spatula'),
(1548, 'Spatula'),
(1549, 'Spatula'),
(1550, 'Spatula'),
(1551, 'Spatula'),
(1552, 'Spatula'),
(1553, 'Spatula'),
(1554, 'Spatula'),
(1555, 'Spatula'),
(1556, 'Spatula'),
(1557, 'Spatula'),
(1558, 'Spatula'),
(1559, 'Spatula'),
(1560, 'Spatula'),
(1561, 'Spatula'),
(1562, 'Spatula'),
(1563, 'Spatula'),
(1564, 'Spatula'),
(1565, 'Spatula'),
(1566, 'Spatula'),
(1567, 'PancakeMix'),
(1568, 'PancakeMix'),
(1569, 'PancakeMix'),
(1570, 'PancakeMix'),
(1571, 'PancakeMix'),
(1572, 'PancakeMix'),
(1573, 'PancakeMix'),
(1574, 'PancakeMix'),
(1575, 'PancakeMix'),
(1576, 'PancakeMix'),
(1577, 'PancakeMix'),
(1578, 'PancakeMix'),
(1579, 'PancakeMix'),
(1580, 'PancakeMix'),
(1581, 'PancakeMix'),
(1582, 'PancakeMix'),
(1583, 'PancakeMix'),
(1584, 'PancakeMix'),
(1585, 'PancakeMix'),
(1586, 'PancakeMix'),
(1587, 'PancakeMix'),
(1588, 'PancakeMix'),
(1589, 'PancakeMix'),
(1590, 'PancakeMix'),
(1591, 'PancakeMix'),
(1592, 'PancakeMix'),
(1593, 'PancakeMix'),
(1594, 'Spatula'),
(1595, 'Spatula'),
(1596, 'Spatula'),
(1597, 'Spatula'),
(1598, 'Spatula'),
(1599, 'Spatula'),
(1600, 'Spatula'),
(1601, 'Spatula'),
(1602, 'Spatula'),
(1603, 'Spatula'),
(1604, 'Spatula'),
(1605, 'Spatula'),
(1606, 'Spatula'),
(1607, 'Spatula'),
(1608, 'Spatula'),
(1609, 'Spatula'),
(1610, 'Spatula'),
(1611, 'Spatula'),
(1612, 'Spatula'),
(1613, 'Plate'),
(1614, 'Plate'),
(1615, 'Spatula'),
(1616, 'Spatula'),
(1617, 'Spatula'),
(1618, 'Spatula'),
(1619, 'Spatula'),
(1620, 'Spatula'),
(1621, 'Spatula'),
(1622, 'Spatula'),
(1623, 'Spatula'),
(1624, 'Spatula'),
(1625, 'Spatula'),
(1626, 'Spatula'),
(1627, 'Spatula'),
(1628, 'PancakeMix'),
(1629, 'PancakeMix'),
(1630, 'PancakeMix'),
(1631, 'PancakeMix'),
(1632, 'PancakeMix'),
(1633, 'PancakeMix'),
(1634, 'PancakeMix'),
(1635, 'PancakeMix'),
(1636, 'PancakeMix'),
(1637, 'PancakeMix'),
(1638, 'PancakeMix'),
(1639, 'PancakeMix'),
(1640, 'PancakeMix'),
(1641, 'PancakeMix'),
(1642, 'PancakeMix'),
(1643, 'PancakeMix'),
(1644, 'PancakeMix'),
(1645, 'PancakeMix'),
(1646, 'PancakeMix'),
(1647, 'PancakeMix'),
(1648, 'PancakeMix'),
(1649, 'PancakeMix'),
(1650, 'PancakeMix'),
(1651, 'PancakeMix'),
(1652, 'PancakeMix'),
(1653, 'PancakeMix'),
(1654, 'PancakeMix'),
(1655, 'PancakeMix'),
(1656, 'PancakeMix'),
(1657, 'PancakeMix'),
(1658, 'PancakeMix'),
(1659, 'Spatula'),
(1660, 'Spatula'),
(1661, 'Spatula'),
(1662, 'Spatula'),
(1663, 'Spatula'),
(1664, 'Spatula'),
(1665, 'Spatula'),
(1666, 'Spatula'),
(1667, 'Spatula'),
(1668, 'Spatula'),
(1669, 'Spatula'),
(1670, 'Spatula'),
(1671, 'Spatula'),
(1672, 'Spatula'),
(1673, 'Spatula'),
(1674, 'Spatula'),
(1675, 'Spatula'),
(1676, 'Spatula'),
(1677, 'Spatula'),
(1678, 'Spatula'),
(1679, 'Spatula'),
(1680, 'Spatula'),
(1681, 'Spatula'),
(1682, 'Spatula'),
(1683, 'Spatula'),
(1684, 'Spatula'),
(1685, 'Spatula'),
(1686, 'Spatula'),
(1687, 'Spatula'),
(1688, 'Pancake'),
(1689, 'Pancake'),
(1690, 'Pancake'),
(1691, 'Pancake'),
(1692, 'Pancake'),
(1693, 'Pancake'),
(1694, 'Pancake'),
(1695, 'Pancake'),
(1696, 'Pancake'),
(1697, 'Pancake'),
(1698, 'Spatula'),
(1699, 'Spatula'),
(1700, 'Spatula'),
(1701, 'Spatula'),
(1702, 'Spatula'),
(1703, 'Spatula'),
(1704, 'Spatula'),
(1705, 'Pancake'),
(1706, 'Pancake'),
(1707, 'Spatula'),
(1708, 'Spatula'),
(1709, 'Spatula'),
(1710, 'Spatula'),
(1711, 'Spatula'),
(1712, 'Spatula'),
(1713, 'Spatula'),
(1714, 'Spatula'),
(1715, 'Spatula'),
(1716, 'Spatula'),
(1717, 'Spatula'),
(1718, 'Spatula'),
(1719, 'Spatula'),
(1720, 'Spatula'),
(1721, 'Spatula'),
(1722, 'Spatula'),
(1723, 'Spatula'),
(1724, 'Spatula'),
(1725, 'Spatula'),
(1726, 'Spatula'),
(1727, 'Spatula'),
(1728, 'Spatula'),
(1729, 'Spatula'),
(1730, 'Spatula'),
(1731, 'Spatula'),
(1732, 'Spatula'),
(1733, 'Spatula'),
(1734, 'Spatula'),
(1735, 'Spatula'),
(1736, 'Spatula'),
(1737, 'Spatula'),
(1738, 'Spatula'),
(1739, 'Spatula'),
(1740, 'Spatula'),
(1741, 'Spatula'),
(1742, 'Spatula'),
(1743, 'Spatula'),
(1744, 'Spatula'),
(1745, 'Spatula'),
(1746, 'Spatula'),
(1747, 'Spatula'),
(1748, 'Spatula'),
(1749, 'Spatula'),
(1750, 'Spatula'),
(1751, 'Spatula'),
(1752, 'Spatula'),
(1753, 'Spatula'),
(1754, 'Spatula'),
(1755, 'Spatula'),
(1756, 'Spatula'),
(1757, 'Spatula'),
(1758, 'Spatula'),
(1759, 'Spatula'),
(1760, 'Spatula'),
(1761, 'Spatula'),
(1762, 'Spatula'),
(1763, 'Spatula'),
(1764, 'Spatula'),
(1765, 'Spatula'),
(1766, 'Spatula'),
(1767, 'Spatula'),
(1768, 'Spatula'),
(1769, 'Spatula'),
(1770, 'Spatula'),
(1771, 'Spatula'),
(1772, 'Spatula'),
(1773, 'Spatula'),
(1774, 'Spatula'),
(1775, 'Spatula'),
(1776, 'Spatula'),
(1777, 'Spatula'),
(1778, 'Spatula'),
(1779, 'Spatula'),
(1780, 'Spatula'),
(1781, 'Spatula'),
(1782, 'Spatula'),
(1783, 'Spatula'),
(1784, 'Spatula'),
(1785, 'Spatula'),
(1786, 'Spatula'),
(1787, 'Spatula'),
(1788, 'Spatula'),
(1789, 'Spatula'),
(1790, 'Spatula'),
(1791, 'Spatula'),
(1792, 'Spatula'),
(1793, 'Spatula'),
(1794, 'Spatula'),
(1795, 'Spatula'),
(1796, 'Spatula'),
(1797, 'Spatula'),
(1798, 'Spatula'),
(1799, 'Spatula'),
(1800, 'Spatula'),
(1801, 'Spatula'),
(1802, 'Spatula'),
(1803, 'Spatula'),
(1804, 'Spatula'),
(1805, 'Spatula'),
(1806, 'Spatula'),
(1807, 'Spatula'),
(1808, 'Spatula'),
(1809, 'Spatula'),
(1810, 'Spatula'),
(1811, 'Spatula'),
(1812, 'Spatula'),
(1813, 'Spatula'),
(1814, 'Spatula'),
(1815, 'Spatula'),
(1816, 'Spatula'),
(1817, 'Spatula'),
(1818, 'Spatula'),
(1819, 'Spatula'),
(1820, 'Spatula'),
(1821, 'Spatula'),
(1822, 'Spatula'),
(1823, 'Spatula'),
(1824, 'Spatula'),
(1825, 'None'),
(1826, 'None'),
(1827, 'None'),
(1828, 'None'),
(1829, 'None'),
(1830, 'None'),
(1831, 'None'),
(1832, 'None'),
(1833, 'None'),
(1834, 'None'),
(1835, 'None'),
(1836, 'None'),
(1837, 'None'),
(1838, 'None'),
(1839, 'None'),
(1840, 'None'),
(1841, 'None'),
(1842, 'None'),
(1843, 'None'),
(1844, 'None'),
(1845, 'None'),
(1846, 'None'),
(1847, 'None'),
(1848, 'None'),
(1849, 'Pancake'),
(1850, 'Pancake'),
(1851, 'Pancake'),
(1852, 'Pancake'),
(1853, 'Pancake'),
(1854, 'Pancake'),
(1855, 'Pancake'),
(1856, 'Pancake'),
(1857, 'Pancake'),
(1858, 'Pancake'),
(1859, 'Pancake'),
(1860, 'Pancake'),
(1861, 'Spatula'),
(1862, 'Spatula'),
(1863, 'Spatula'),
(1864, 'Spatula'),
(1865, 'Spatula'),
(1866, 'Spatula'),
(1867, 'Spatula'),
(1868, 'Spatula'),
(1869, 'Spatula'),
(1870, 'Spatula'),
(1871, 'Spatula'),
(1872, 'Spatula'),
(1873, 'Spatula'),
(1874, 'Spatula'),
(1875, 'Spatula'),
(1876, 'Spatula'),
(1877, 'Spatula'),
(1878, 'Spatula'),
(1879, 'Spatula'),
(1880, 'Spatula'),
(1881, 'Spatula'),
(1882, 'Spatula'),
(1883, 'Spatula'),
(1884, 'Spatula'),
(1885, 'Spatula'),
(1886, 'Spatula'),
(1887, 'Spatula'),
(1888, 'Spatula'),
(1889, 'Spatula'),
(1890, 'Spatula'),
(1891, 'Spatula'),
(1892, 'Spatula'),
(1893, 'Spatula'),
(1894, 'Spatula'),
(1895, 'Spatula'),
(1896, 'Spatula'),
(1897, 'Spatula'),
(1898, 'Spatula'),
(1899, 'Spatula'),
(1900, 'Spatula'),
(1901, 'Spatula'),
(1902, 'Spatula'),
(1903, 'Spatula'),
(1904, 'Spatula'),
(1905, 'Spatula'),
(1906, 'Spatula'),
(1907, 'Spatula'),
(1908, 'Spatula'),
(1909, 'Spatula'),
(1910, 'Spatula'),
(1911, 'Spatula'),
(1912, 'Spatula'),
(1913, 'Spatula'),
(1914, 'Spatula'),
(1915, 'Spatula'),
(1916, 'Spatula'),
(1917, 'Spatula'),
(1918, 'Spatula'),
(1919, 'Spatula'),
(1920, 'Spatula'),
(1921, 'Spatula'),
(1922, 'Spatula'),
(1923, 'Spatula'),
(1924, 'Spatula'),
(1925, 'Spatula'),
(1926, 'Spatula'),
(1927, 'Spatula'),
(1928, 'Spatula'),
(1929, 'Spatula'),
(1930, 'Spatula'),
(1931, 'Spatula'),
(1932, 'Spatula'),
(1933, 'Spatula'),
(1934, 'Spatula'),
(1935, 'Spatula'),
(1936, 'Spatula'),
(1937, 'Spatula'),
(1938, 'Spatula'),
(1939, 'Spatula'),
(1940, 'Spatula'),
(1941, 'Spatula'),
(1942, 'Spatula'),
(1943, 'Spatula'),
(1944, 'Spatula'),
(1945, 'Spatula'),
(1946, 'Spatula'),
(1947, 'Spatula'),
(1948, 'Spatula'),
(1949, 'Spatula'),
(1950, 'Spatula'),
(1951, 'Spatula'),
(1952, 'Spatula'),
(1953, 'Spatula'),
(1954, 'Spatula'),
(1955, 'Spatula'),
(1956, 'Spatula'),
(1957, 'Spatula'),
(1958, 'Spatula'),
(1959, 'Spatula'),
(1960, 'Spatula'),
(1961, 'Spatula'),
(1962, 'Spatula'),
(1963, 'Spatula'),
(1964, 'Spatula'),
(1965, 'Spatula'),
(1966, 'Spatula'),
(1967, 'Spatula'),
(1968, 'Spatula'),
(1969, 'Spatula'),
(1970, 'Spatula'),
(1971, 'Spatula'),
(1972, 'Spatula'),
(1973, 'Spatula'),
(1974, 'Spatula'),
(1975, 'Spatula'),
(1976, 'Spatula'),
(1977, 'Spatula'),
(1978, 'Spatula'),
(1979, 'Spatula'),
(1980, 'Spatula'),
(1981, 'Spatula'),
(1982, 'Spatula'),
(1983, 'Spatula'),
(1984, 'Spatula'),
(1985, 'Spatula'),
(1986, 'Spatula'),
(1987, 'Spatula'),
(1988, 'Spatula'),
(1989, 'Spatula'),
(1990, 'Spatula'),
(1991, 'Spatula'),
(1992, 'Spatula'),
(1993, 'Spatula'),
(1994, 'Spatula'),
(1995, 'Spatula'),
(1996, 'Spatula'),
(1997, 'Spatula'),
(1998, 'Spatula'),
(1999, 'Spatula'),
(2000, 'Spatula'),
(2001, 'Spatula'),
(2002, 'Spatula'),
(2003, 'Spatula'),
(2004, 'Spatula'),
(2005, 'Spatula'),
(2006, 'Spatula'),
(2007, 'Spatula'),
(2008, 'Spatula'),
(2009, 'Spatula'),
(2010, 'Spatula'),
(2011, 'Spatula'),
(2012, 'Spatula'),
(2013, 'Spatula'),
(2014, 'Spatula'),
(2015, 'Spatula'),
(2016, 'Spatula'),
(2017, 'Spatula'),
(2018, 'Spatula'),
(2019, 'Spatula'),
(2020, 'Spatula'),
(2021, 'Spatula'),
(2022, 'Spatula'),
(2023, 'Spatula'),
(2024, 'Spatula'),
(2025, 'Spatula'),
(2026, 'Plate'),
(2027, 'Plate'),
(2028, 'Plate'),
(2029, 'Plate'),
(2030, 'Plate'),
(2031, 'Plate'),
(2032, 'Plate'),
(2033, 'Plate'),
(2034, 'Plate'),
(2035, 'Plate'),
(2036, 'Plate'),
(2037, 'Plate'),
(2038, 'Plate'),
(2039, 'Plate'),
(2040, 'Plate'),
(2041, 'Plate'),
(2042, 'Spatula'),
(2043, 'Spatula'),
(2044, 'Spatula'),
(2045, 'Spatula'),
(2046, 'Spatula'),
(2047, 'Spatula'),
(2048, 'Spatula'),
(2049, 'Spatula'),
(2050, 'Spatula'),
(2051, 'Spatula'),
(2052, 'Spatula'),
(2053, 'Spatula'),
(2054, 'Spatula'),
(2055, 'Spatula'),
(2056, 'Spatula'),
(2057, 'Spatula'),
(2058, 'Spatula'),
(2059, 'Spatula'),
(2060, 'Spatula'),
(2061, 'Spatula'),
(2062, 'Spatula'),
(2063, 'Pancake'),
(2064, 'Pancake'),
(2065, 'Pancake'),
(2066, 'Pancake'),
(2067, 'Pancake'),
(2068, 'Pancake'),
(2069, 'Pancake'),
(2070, 'Pancake'),
(2071, 'Pancake'),
(2072, 'Pancake'),
(2073, 'Pancake'),
(2074, 'Pancake'),
(2075, 'Pancake'),
(2076, 'Pancake'),
(2077, 'Pancake'),
(2078, 'Pancake'),
(2079, 'Pancake'),
(2080, 'Pancake'),
(2081, 'Pancake'),
(2082, 'Pancake'),
(2083, 'Pancake'),
(2084, 'Pancake'),
(2085, 'Pancake'),
(2086, 'Pancake'),
(2087, 'Pancake'),
(2088, 'Pancake'),
(2089, 'Pancake'),
(2090, 'Pancake'),
(2091, 'Pancake'),
(2092, 'Pancake'),
(2093, 'Pancake'),
(2094, 'Pancake'),
(2095, 'Pancake'),
(2096, 'Pancake'),
(2097, 'Pancake'),
(2098, 'Pancake'),
(2099, 'Pancake'),
(2100, 'Pancake'),
(2101, 'Pancake'),
(2102, 'Pancake'),
(2103, 'Pancake'),
(2104, 'Pancake'),
(2105, 'Pancake'),
(2106, 'Pancake'),
(2107, 'Spatula'),
(2108, 'Spatula'),
(2109, 'Spatula'),
(2110, 'Spatula'),
(2111, 'Spatula'),
(2112, 'Spatula'),
(2113, 'Spatula'),
(2114, 'Spatula'),
(2115, 'Spatula'),
(2116, 'Spatula'),
(2117, 'Spatula'),
(2118, 'Spatula'),
(2119, 'Spatula'),
(2120, 'Spatula'),
(2121, 'Spatula'),
(2122, 'Spatula'),
(2123, 'Pancake'),
(2124, 'Pancake'),
(2125, 'Pancake'),
(2126, 'Pancake'),
(2127, 'Pancake'),
(2128, 'Pancake'),
(2129, 'Pancake'),
(2130, 'Pancake'),
(2131, 'Pancake'),
(2132, 'Pancake'),
(2133, 'Pancake'),
(2134, 'Pancake'),
(2135, 'Pancake'),
(2136, 'Pancake'),
(2137, 'Pancake'),
(2138, 'Pancake'),
(2139, 'Pancake'),
(2140, 'Pancake'),
(2141, 'Pancake'),
(2142, 'Plate'),
(2143, 'Plate'),
(2144, 'Plate'),
(2145, 'Plate'),
(2146, 'Plate'),
(2147, 'Plate'),
(2148, 'Plate'),
(2149, 'Plate'),
(2150, 'Plate'),
(2151, 'Plate'),
(2152, 'Plate'),
(2153, 'Plate'),
(2154, 'Plate'),
(2155, 'Plate'),
(2156, 'Plate'),
(2157, 'Plate'),
(2158, 'Plate'),
(2159, 'Plate'),
(2160, 'Plate'),
(2161, 'Plate'),
(2162, 'Plate'),
(2163, 'Plate'),
(2164, 'Plate'),
(2165, 'Plate'),
(2166, 'Plate'),
(2167, 'Plate'),
(2168, 'Plate'),
(2169, 'Plate'),
(2170, 'Plate'),
(2171, 'Plate'),
(2172, 'Plate'),
(2173, 'Plate'),
(2174, 'Plate'),
(2175, 'Plate'),
(2176, 'Plate'),
(2177, 'Plate'),
(2178, 'Plate'),
(2179, 'Plate'),
(2180, 'Plate'),
(2181, 'Plate'),
(2182, 'Plate'),
(2183, 'Plate'),
(2184, 'Plate'),
(2185, 'Plate'),
(2186, 'None'),
(2187, 'None'),
(2188, 'None'),
(2189, 'None'),
(2190, 'Spatula'),
(2191, 'Spatula'),
(2192, 'Spatula'),
(2193, 'Spatula'),
(2194, 'Spatula'),
(2195, 'Spatula'),
(2196, 'Spatula'),
(2197, 'Spatula'),
(2198, 'Spatula'),
(2199, 'Spatula'),
(2200, 'Spatula'),
(2201, 'Spatula'),
(2202, 'Spatula'),
(2203, 'Spatula'),
(2204, 'Spatula'),
(2205, 'Spatula'),
(2206, 'Spatula'),
(2207, 'Spatula'),
(2208, 'Spatula'),
(2209, 'Spatula'),
(2210, 'Spatula'),
(2211, 'Spatula'),
(2212, 'Spatula'),
(2213, 'Spatula'),
(2214, 'Spatula'),
(2215, 'Spatula'),
(2216, 'Spatula'),
(2217, 'Spatula'),
(2218, 'Spatula'),
(2219, 'Spatula'),
(2220, 'Spatula'),
(2221, 'Spatula'),
(2222, 'Spatula'),
(2223, 'Spatula'),
(2224, 'Spatula'),
(2225, 'Spatula'),
(2226, 'Spatula'),
(2227, 'Spatula'),
(2228, 'Spatula'),
(2229, 'Spatula'),
(2230, 'Spatula'),
(2231, 'Spatula'),
(2232, 'Spatula'),
(2233, 'Spatula'),
(2234, 'Spatula'),
(2235, 'Spatula'),
(2236, 'Spatula'),
(2237, 'None'),
(2238, 'None'),
(2239, 'None'),
(2240, 'None'),
(2241, 'None'),
(2242, 'None'),
(2243, 'None'),
(2244, 'None'),
(2245, 'None'),
(2246, 'None'),
(2247, 'None'),
(2248, 'None'),
(2249, 'None'),
(2250, 'None'),
(2251, 'None'),
(2252, 'None'),
(2253, 'None'),
(2254, 'None'),
(2255, 'None'),
(2256, 'None'),
(2257, 'None'),
(2258, 'None'),
(2259, 'None'),
(2260, 'None'),
(2261, 'None'),
(2262, 'None'),
(2263, 'None'),
(2264, 'None'),
(2265, 'None'),
(2266, 'None'),
(2267, 'None'),
(2268, 'None'),
(2269, 'None'),
(2270, 'None'),
(2271, 'None'),
(2272, 'None'),
(2273, 'None'),
(2274, 'None'),
(2275, 'None'),
(2276, 'None'),
(2277, 'None'),
(2278, 'None'),
(2279, 'None'),
(2280, 'None'),
(2281, 'None'),
(2282, 'None'),
(2283, 'None'),
(2284, 'None'),
(2285, 'None'),
(2286, 'None'),
(2287, 'None'),
(2288, 'None'),
(2289, 'None'),
(2290, 'None'),
(2291, 'None'),
(2292, 'None'),
(2293, 'None'),
(2294, 'None'),
(2295, 'None'),
(2296, 'None'),
(2297, 'None'),
(2298, 'None'),
(2299, 'None'),
(2300, 'None'),
(2301, 'None'),
(2302, 'None'),
(2303, 'None'),
(2304, 'None'),
(2305, 'None'),
(2306, 'None'),
(2307, 'None'),
(2308, 'None');
